{"initial_reset_timestamp": 1568683507.3490963, "timestamps": [1568683507.61645, 1568683508.0853145, 1568683508.1530995, 1568683508.8392649, 1568683508.8921237, 1568683508.9898624, 1568683509.0477076, 1568683509.0866039, 1568683509.5159643, 1568683509.690497, 1568683509.737371, 1568683509.818155, 1568683509.8769982, 1568683509.925902, 1568683510.0285928, 1568683510.0754676, 1568683510.1293232, 1568683510.1732066, 1568683510.2340434, 1568683510.2849078, 1568683510.3597074, 1568683510.4095738, 1568683510.4813826, 1568683510.5182843, 1568683510.6020596, 1568683510.6988018, 1568683510.7476714, 1568683511.0329082, 1568683511.1476014, 1568683511.191484, 1568683511.2363641, 1568683511.2991962, 1568683511.3356059, 1568683511.3784919, 1568683511.4293559, 1568683511.4872012, 1568683511.5270944, 1568683511.5659904, 1568683511.619846, 1568683511.6667209, 1568683511.7066145, 1568683511.7514944, 1568683511.7993665, 1568683511.8372645, 1568683511.8811483, 1568683511.9439933, 1568683511.9918652, 1568683512.0407345, 1568683512.087609, 1568683512.1265051, 1568683512.1683931, 1568683512.207289, 1568683512.246185, 1568683512.2900681, 1568683512.3299615, 1568683512.3658652, 1568683512.4087505, 1568683512.462607, 1568683512.5643353, 1568683512.698992, 1568683512.8535786, 1568683512.9692695, 1568683513.0959313, 1568683513.2555044, 1568683513.9556496, 1568683514.2388926, 1568683514.5500743, 1568683514.820352, 1568683514.9061236, 1568683515.0128381, 1568683515.0916274, 1568683515.1744056, 1568683515.2731419, 1568683515.457648, 1568683515.531451, 1568683515.6511312, 1568683515.845611, 1568683515.9413555, 1568683516.0969398, 1568683516.2126305, 1568683516.3103685, 1568683516.5362718, 1568683516.6689174, 1568683516.8444479, 1568683517.1067467, 1568683517.2832744, 1568683517.5196426, 1568683517.8208382, 1568683518.0786562, 1568683518.185371, 1568683518.3798676, 1568683518.6970198, 1568683518.812711, 1568683519.0311265, 1568683519.40066, 1568683520.016014, 1568683520.2922764, 1568683520.4488573, 1568683520.8243601, 1568683521.0856621, 1568683521.4038274, 1568683521.5923228, 1568683521.7149959, 1568683521.956366, 1568683522.2820196, 1568683522.7028947, 1568683523.1307652, 1568683523.420989, 1568683523.7092185, 1568683524.0084336, 1568683524.347527, 1568683524.7948384, 1568683525.687959, 1568683526.0180767, 1568683526.3207743, 1568683526.5172493, 1568683527.250303, 1568683527.5455296, 1568683527.997336, 1568683528.5493677, 1568683528.859538, 1568683529.5496929, 1568683529.95461, 1568683530.8397517, 1568683531.6461165, 1568683536.0292065, 1568683537.0659392, 1568683537.9815085, 1568683538.9234982, 1568683539.867988, 1568683540.811466, 1568683541.7769017, 1568683542.7338674, 1568683543.7396886, 1568683544.6348062, 1568683545.4326906, 1568683546.3412783, 1568683547.2942538, 1568683548.1265376, 1568683548.9114387, 1568683549.9102778, 1568683550.8447797, 1568683551.8161826, 1568683552.7656446, 1568683553.7131298, 1568683554.6296792, 1568683555.5616956, 1568683556.5450816, 1568683557.471604, 1568683558.4300432, 1568683559.352576], "episode_lengths": [11, 23, 13, 40, 16, 27, 16, 12, 16, 22, 15, 20, 14, 12, 25, 11, 13, 11, 15, 12, 17, 11, 18, 8, 20, 23, 11, 10, 10, 10, 10, 15, 8, 10, 11, 13, 10, 9, 13, 11, 9, 9, 9, 8, 9, 13, 10, 10, 10, 8, 9, 9, 8, 10, 9, 8, 9, 12, 23, 31, 35, 25, 30, 37, 37, 41, 72, 63, 20, 25, 18, 19, 23, 43, 17, 28, 46, 23, 36, 26, 22, 53, 31, 41, 61, 40, 54, 63, 55, 24, 43, 71, 22, 45, 85, 140, 62, 35, 85, 60, 72, 43, 28, 55, 73, 93, 98, 65, 64, 67, 77, 100, 199, 74, 69, 45, 170, 66, 104, 126, 71, 159, 93, 200, 192, 200, 200, 200, 200, 200, 200, 200, 200, 200, 185, 165, 196, 200, 185, 170, 200, 187, 200, 200, 200, 200, 200, 200, 200, 200, 200], "episode_rewards": [11.0, 23.0, 13.0, 40.0, 16.0, 27.0, 16.0, 12.0, 16.0, 22.0, 15.0, 20.0, 14.0, 12.0, 25.0, 11.0, 13.0, 11.0, 15.0, 12.0, 17.0, 11.0, 18.0, 8.0, 20.0, 23.0, 11.0, 10.0, 10.0, 10.0, 10.0, 15.0, 8.0, 10.0, 11.0, 13.0, 10.0, 9.0, 13.0, 11.0, 9.0, 9.0, 9.0, 8.0, 9.0, 13.0, 10.0, 10.0, 10.0, 8.0, 9.0, 9.0, 8.0, 10.0, 9.0, 8.0, 9.0, 12.0, 23.0, 31.0, 35.0, 25.0, 30.0, 37.0, 37.0, 41.0, 72.0, 63.0, 20.0, 25.0, 18.0, 19.0, 23.0, 43.0, 17.0, 28.0, 46.0, 23.0, 36.0, 26.0, 22.0, 53.0, 31.0, 41.0, 61.0, 40.0, 54.0, 63.0, 55.0, 24.0, 43.0, 71.0, 22.0, 45.0, 85.0, 140.0, 62.0, 35.0, 85.0, 60.0, 72.0, 43.0, 28.0, 55.0, 73.0, 93.0, 98.0, 65.0, 64.0, 67.0, 77.0, 100.0, 199.0, 74.0, 69.0, 45.0, 170.0, 66.0, 104.0, 126.0, 71.0, 159.0, 93.0, 200.0, 192.0, 200.0, 200.0, 200.0, 200.0, 200.0, 200.0, 200.0, 200.0, 200.0, 185.0, 165.0, 196.0, 200.0, 185.0, 170.0, 200.0, 187.0, 200.0, 200.0, 200.0, 200.0, 200.0, 200.0, 200.0, 200.0, 200.0], "episode_types": ["t", "t", "t", "t", "t", "t", "t", "t", "t", "t", "t", "t", "t", "t", "t", "t", "t", "t", "t", "t", "t", "t", "t", "t", "t", "t", "t", "t", "t", "t", "t", "t", "t", "t", "t", "t", "t", "t", "t", "t", "t", "t", "t", "t", "t", "t", "t", "t", "t", "t", "t", "t", "t", "t", "t", "t", "t", "t", "t", "t", "t", "t", "t", "t", "t", "t", "t", "t", "t", "t", "t", "t", "t", "t", "t", "t", "t", "t", "t", "t", "t", "t", "t", "t", "t", "t", "t", "t", "t", "t", "t", "t", "t", "t", "t", "t", "t", "t", "t", "t", "t", "t", "t", "t", "t", "t", "t", "t", "t", "t", "t", "t", "t", "t", "t", "t", "t", "t", "t", "t", "t", "t", "t", "t", "t", "t", "t", "t", "t", "t", "t", "t", "t", "t", "t", "t", "t", "t", "t", "t", "t", "t", "t", "t", "t", "t", "t", "t", "t", "t", "t", "t"]}